{"0.9485598800241315":{"user_id":11},"0.5700350886787469":{"user_id":11}}